T-Shirts,,,,,,,Tote Bags,,,,,,Prints,,
Artwork,Variation,Color,Size,Quanitity,,,Variation ,Color,Size,Quanitity,,,Variation ,Size,Quanitity
Russian Market,1,Black,M,0,,,Russian Market,White,Standard,1,,,Russian Market 25,A3,3
Russian Market,1,Black,L,2,,,Koh Rong EP,White,Standard,4,,,Russian Market 25,A4,2
Jeju ,1,Beige,M,1,,,Phnom Aoral,White,Standard,4,,,Russian Market 25,Post Card,3
Jeju ,1,Beige,L,2,,,Phnom Aoral EP,White,Standard,4,,,Russian Market 26,A3,3
Koh Rong EP,1,Beige,M,2,,,Jeju,White,Standard,3,,,Russian Market 26,A4,2
Koh Rong EP,1,Beige,L,2,,,Phnom Aoral,Black,Standard,1,,,Russian Market 26,Post Card,3
Independence ,2,Black,M,1,,,Russian Market 25,Beige ,Standard,1,,,Phnom Aoral,A3,3
Independence ,2,Black,L,1,,,,,,,,,Phnom Aoral,A4,3
Phnom Aoral ,2,Black,M,1,,,,,,,,,Phnom Aoral,Post Card,3
Jeju ,2,White,S,1,,,,,,,,,Jeju,A3,2
Jeju ,2,Beige,M,1,,,,,,,,,Jeju,A4,3
,,,,,,,,,,,,,Jeju,Post Card,2
,,,,,,,,,,,,,Independence,A3,3
,,,,,,,,,,,,,Independence,A4,2
,,,,,,,,,,,,,Independence,Post Card,2
,,,,,,,,,,,,,Phnom Penh,A3,3
,,,,,,,,,,,,,Phnom Penh,A4,2
,,,,,,,,,,,,,Phnom Penh,Post Card,3
,,,,,,,,,,,,,Koh Rong EP,A4,2